{
    "_vcs_msglog": [
        "_vcs_msglog",
        "zQBzV",
        "module"
    ],
    "vcs_paramclassrepository": [
        "vcs_paramclassrepository",
        "hEeZs",
        "module"
    ],
    "_vcs_unit__3143625952": [
        "_vcs_unit__3143625952",
        "ehYMb",
        "module"
    ],
    "uvm_custom_install_recording": [
        "uvm_custom_install_recording",
        "nhiwz",
        "module"
    ],
    "std": [
        "std",
        "reYIK",
        "module"
    ],
    "testcase": [
        "testcase",
        "PATxq",
        "module"
    ],
    "uvm_pkg": [
        "uvm_pkg",
        "zr7M1",
        "module"
    ],
    "...MASTER...": [
        "SIM",
        "amcQw",
        "module"
    ]
}